JOB,CITY,COUNTRY,COMPANY,DATE
Staff Product Designer,Casablanca,Marocco,Remote,25/01/2022
Directeur de projet Ref. 002681,Casablanca,Marocco,Novancy one,25/01/2022
Go Developer,Rabat,Marocco,Toptal,25/01/2022
Senior React Developer,Casablanca,Marocco,Toptal,25/01/2022
Go Developer,Casablanca,Marocco,Toptal,25/01/2022
Senior React Developer,Rabat,Marocco,Toptal,25/01/2022
Senior React Developer,Fes,Marocco,Toptal,25/01/2022
Développeur fullstack en freelance Ref. 002690,Casablanca,Marocco,Novancy one,25/01/2022
Senior React Developer,Marrakech,Marocco,Toptal,25/01/2022
RESPONSABLE TECHNIQUE,Fes,Marocco,Relais & Châteaux,25/01/2022
Go Developer,Marrakech,Marocco,Toptal,25/01/2022
Ruby on Rails Developer,Casablanca,Marocco,Toptal,25/01/2022
Développeur senior en freelance Ref. 002691,Casablanca,Marocco,Novancy one,25/01/2022
Technical Lead .Net/Java en Freelance Ref. 002689,Casablanca,Marocco,Novancy one,25/01/2022
Senior Blockchain Developer,Rabat,Marocco,Toptal,25/01/2022
Go Developer,Fes,Marocco,Toptal,25/01/2022
React Native Developer,Casablanca,Marocco,Toptal,25/01/2022
Senior Blockchain Developer,Marrakech,Marocco,Toptal,25/01/2022
Senior Blockchain Developer,"Fes,",Marocco,Toptal,25/01/2022
Ruby on Rails Developer,Rabat,Marocco,Toptal,25/01/2022
Ruby on Rails Developer,Marrakech,Marocco,Toptal,25/01/2022
React Native Developer,Rabat,Marocco,Toptal,25/01/2022
Ruby on Rails Developer,Fes,Marocco,Toptal,25/01/2022
React Native Developer,Marrakech,Marocco,Toptal,25/01/2022
React Native Developer,Fes,Marocco,Toptal,25/01/2022
Flexible Opportunities | Image Collection Project,Casablanca ,Marocco,Appen,20/02/2022
Technical Referent,Casablanca,Marocco,Leyton,20/02/2022
Stage PFE Développement et Testing - Capgemini - Africa IT Days Ref. 002600,Casablanca,Marocco,Novancy one,20/02/2022
Staff Product Designer,casablanca,Marocco,Remote,25/02/2022
Product Owner - Sofrecom - Africa IT Days Ref. 002643,Casablanca,Marocco,Novancy one,21/02/2022
Business Analyst BI - Sofrecom - Africa IT Days Ref. 002641,Casablanca,Marocco,Novancy one,21/02/2022
Stage PFE en conception logiciel - Ribatis - Africa IT Days Ref. 002607,Casablanca,Marocco,Novancy one,20/02/2022
Stage PFE en conception logiciel - Ribatis - Africa IT Days Ref. 002606,Casablanca,Marocco,Novancy one,20/02/2022
Stage PFE - Business intelligence - Sofrecom - Africa IT Days Ref. 002651,Casablanca,Marocco,Novancy one,21/02/2022
Stage PFE - SQL / Unix - Sofrecom - Africa IT Days Ref. 002654,Casablanca,Marocco,Novancy one,21/02/2022
Stage PFE en dévops - Ribatis - Africa IT Days Ref. 002605,Casablanca,Marocco,Novancy one,20/02/2022
Directeur de projet Ref. 002681,Casablanca,Marocco,Novancy one,25/02/2022
Consultant en Testing Automatisaiton - Capgemini - Africa IT Days Ref. 002674,Casablanca,Marocco,Novancy one,20/02/2022
"Full Stack Engineer (Data Team) (All Levels) (Bangkok based, relocation provided)",Marrakech,Marocco,Agoda,23/02/2022
Consultant en Testing fontionnel - Capgemini - Africa IT Days Ref. 002596,Casablanca,Marocco,Novancy one,20/02/2022
BPM Admin en Freelance - Remote Ref. 002683,Casablanca,Marocco,Novancy one,21/02/2022
Stage PFE en développement logiciel - Ribatis - Africa IT Days Ref. 002611,Casablanca,Marocco,Novancy one,20/02/2022
Stage PFE - Java Fullstack - Sofrecom - Africa IT Days Ref. 002652,Casablanca,Marocco,Novancy one,21/01/2022
Analyste SOC - SGABS - Africa IT Days Ref. 002622,Casablanca,Marocco,Novancy one,20/01/2022
Stage PFE - Java/JEE - Sofrecom - Africa IT Days Ref. 002648,Casablanca,Marocco,Novancy one,21/01/2022
Stage PFE - Adobe campaign - Sofrecom - Africa IT Days Ref. 002650,Casablanca,Marocco,Novancy one,21/01/2022
"Software Developer, Trilogy (Remote) - $100,000/year USD",Casablanca,Marocco,Crossover for Work,24/01/2022
Senior React Developer,Casablanca,Marocco,Toptal,25/01/2022
Go Developer,Marrakech,Marocco,Toptal,25/01/2022
Chef de Projets MOA Risque - SGABS - Africa IT Days Ref. 002626,Casablanca,Marocco,Novancy one,20/01/2022
Senior React Developer,Rabat,Marocco,Toptal,25/01/2022
"Lead/ Staff Front End Engineer – Data Experience Team (Bangkok based, relocation provided)",Marrakech,Marocco,Agoda,21/01/2022
Stage PFE - Unix/TERADATA - Sofrecom - Africa IT Days Ref. 002656,Casablanca,Marocco,Novancy one,20/01/2022
Responsable d’équipes Cybersécurité - BDSI - Africa IT Days Ref. 002637,Casablanca,Marocco,Novancy one,20/01/2022
Senior React Developer,Fes,Marocco,Toptal,25/01/2022
Stage PFE - Java/Angular/Cloud - Sofrecom - Africa IT Days Ref. 002653,Casablanca,Marocco,Novancy one,21/01/2022
Expert Apache - Sofrecom - Africa IT Days Ref. 002644,Casablanca,Marocco,Novancy One ,21/01/2022
"C# Software Developer, Trilogy (Remote) - $100,000/year USD",Casablanca,Marocco,Crossover for Work,24/01/2022
Architecte Technique - BDSI - Africa IT Days Ref. 002636,Casablanca,Marocco,Novancy One ,20/01/2022
Architecte Technique - SGABS - Africa IT Days Ref. 002620,Casablanca,Marocco,Novancy One ,20/01/2022
React Native Developer,Casablanca,Marocco,Toptal,25/02/2022
Développeur Service Now - Sofrecom - Africa IT Days Ref. 002657,Casablanca,Marocco,Novancy One ,20/01/2022
Chef de Projets Réseau et Sécurité - SGABS - Africa IT Days Ref. 002623,Casablanca,Marocco,Novancy One ,20/01/2022
Expert Technico Fonctionnel Billing - Sofrecom - Africa IT Days Ref. 002640,Casablanca,Marocco,Novancy One ,21/01/2022
Technical Lead .Net/Java en Freelance Ref. 002689,Casablanca,Marocco,Novancy One ,25/02/2022
Ruby on Rails Developer,Rabat,Marocco,Toptal,25/02/2022
Expert Sécurité des systèmes d’information - SGABS - Africa IT Days Ref. 002624,Casablanca,Marocco,Novancy One ,20/01/2022
Concepteur Développeur Fullstack - Sofrecom - Africa IT Days Ref. 002647,Casablanca,Marocco,Novancy One ,21/01/2022
Senior Blockchain Developer,Rabat,Marocco,Toptal,25/02/2022
Salesforce Project Manager - NBS Consulting - Africa IT Days Ref. 002678,Casablanca,Marocco,Novancy One ,20/01/2022
Consultant TALEND - NBS Consulting - Africa IT Days Ref. 002678,Casablanca,Marocco,Novancy One ,19/01/2022
Concepteur Développeur Fullstack - Sofrecom - Africa IT Days Ref. 002639,Casablanca,Marocco,Novancy One ,21/01/2022
React Native Developer,Rabat,Marocco,Toptal,25/02/2022
Service Delivery Manager - SGABS - Africa IT Days Ref. 002621,Casablanca,Marocco,Novancy One ,20/01/2022
Ruby on Rails Developer,Marrakech,Marocco,Toptal,25/02/2022
Senior Blockchain Developer,Marrakech,Marocco,Toptal,25/02/2022
Senior Blockchain Developer,Fes,Marocco,Toptal,25/02/2022
Ingénieur DevOps - Sofrecom - Africa IT Days Ref. 002646,Casablanca,Marocco,Novancy One ,21/01/2022
Consultant TALEND - NBS Consulting - Africa IT Days Ref. 002678,Casablanca,Marocco,Novancy One ,20/01/2022
Développeur Senior DotNet - Sofrecom - Africa IT Days Ref. 002642,Casablanca,Marocco,Novancy One ,21/01/2022
Ruby on Rails Developer,Fes,Marocco,Toptal,25/02/2022
React Native Developer,Marrakech,Marocco,Toptal,25/02/2022
Développeur FrontEnd Angular/ReactJs Confirmé/Senior - Capgemini - Africa IT Days Ref. 002597,Casablanca,Marocco,Novancy one,19/02/2022
Consultant Salesforce - NBS Consulting - Africa IT Days Ref. 002676,Casablanca,Marocco,Novancy one,20/02/2022
React Native Developer,Fes,Marocco,Toptal,25/02/2022
Référent Technique java/Angular - Sofrecom - Africa IT Days Ref. 002645,Casablanca,Marocco,Novancy one,21/02/2022
Voc Rehab Counselor,Sid Zouine,Marocco,Commonwealth of Kentucky,19/02/2022
Responsable Architecture et Sécurité Opérationnelle - SGABS - Africa IT Days Ref. 002618,Casablanca,Marocco,Novancy one,20/02/2022
Staff Product Designer,Casablanca,Marocco,Remote,24/02/2022
"Senior Analyst, Partner Development – SQL, R, Python, Pandas, Scala (Bangkok-based, relocation provided)",Marrakech,Marocco,Agoda,19/02/2022
Associate Data Analyst- Customer Experience Group | Bangkok-based,Marrakech,Marocco,Agoda,13/02/2022
Appen | Social Media Evaluator,Fes,Marocco,Appen,13/02/2022
Flexible Job Opportunities for French Speakers,Casablanca,Marocco,Appen,13/02/2022
Social Media Evaluator | Arabic Speakers | Work from Home,Rabat,Marocco,Appen,13/02/2022
Product Owner - Sofrecom - Africa IT Days Ref. 002643,Casablanca,Marocco,Novancy one,21/02/2022
"Analyst, Marketing Innovation (Bangkok Based, relocation provided)",Marrakech,Marocco,Agoda,13/02/2022
"Analyst (Bangkok Based, relocation provided)",Marrakech,Marocco,Agoda,13/02/2022
Big Data Engineer - Senior Analyst,Casablanca,Marocco,Dell Technologies,13/02/2022
Stage PFE en conception logiciel - Ribatis - Africa IT Days Ref. 002602,Casablanca,Marocco,Novancy one,19/02/2022
Business Analyst BI - Sofrecom - Africa IT Days Ref. 002641,Casablanca,Marocco,Novancy one,21/02/2022
"Senior Data Analyst (Bangkok Based, relocation provided)",Marrakech,Marocco,Agoda,19/02/2022
"Analyst, Pulse Marketing (Bangkok Based, relocation provided)",Marrakech,Marocco,Agoda,13/02/2022
Stage PFE en conception logiciel - Ribatis - Africa IT Days Ref. 002607,Casablanca,Marocco,Novancy one,20/02/2022
"Senior Analyst (Bangkok based, relocation provided)",Marrakech,Marocco,Agoda,19/02/2022
Stage PFE en conception logiciel - Ribatis - Africa IT Days Ref. 002606,Casablanca,Marocco,Novancy one,20/02/2022
Stage PFE en développement web - CYBERCOPS - Africa IT Days Ref. 002628,Casablanca,Marocco,Novancy one,19/02/2022
Business Analyst (MSSQL) Ref. 002536,Rabat,Marocco,Novancy one,13/02/2022
"Analyst (Business Intelligence) – Supply Strategy and Optimisation (Bangkok based, relocation provided)",Marrakech,Marocco,Agoda,13/02/2022
"Content Analyst(Bangkok based, relocation provided)",Marrakech,Marocco,Agoda,13/02/2022
"Analyst/ Sr Analyst, Marketing (Bangkok Based, relocation provided)",Marrakech,Marocco,Agoda,19/02/2022
Stage PFE - Business intelligence - Sofrecom - Africa IT Days Ref. 002651,Casablanca,Marocco,Novancy one,21/02/2022
Stage PFE - SQL / Unix - Sofrecom - Africa IT Days Ref. 002654,Casablanca,Marocco,Novancy one,20/02/2022
"Front End Engineer – Data Experience Team (Bangkok based, relocation provided)",Marrakech,Marocco,Agoda,13/02/2022
Business Analyst (PLSQL) Ref. 002535,Rabat,Marocco,Novancy one,7/2/2022
Stage PFE en dévops - Ribatis - Africa IT Days Ref. 002605,Casablanca,Marocco,Novancy one,19/02/2022
"Data Engineer – Apache Spark (Java/Scala) (Bangkok based, Relocation provided)",Marrakech,Marocco,Agoda,13/02/2022
Directeur de projet Ref. 002681,Casablanca,Marocco,Novancy one,25/02/2022
Consultant en Testing Automatisaiton - Capgemini - Africa IT Days Ref. 002674,Casablanca,Marocco,Novancy one,19/02/2022
"Full Stack Engineer (Data Team) (All Levels) (Bangkok based, relocation provided)",Marrakech,Marocco,Agoda,23/02/2022
Chef de Projet E-Banking - Adria - Africa IT Days Ref. 002612,Casablanca,Marocco,Novancy one,19/02/2022
Consultant en Testing fontionnel - Capgemini - Africa IT Days Ref. 002596,Casablanca,Marocco,Novancy one,19/02/2022
"Analyst- Supply Insights (Bangkok based, Relocation provided)",Marrakech,Marocco,Agoda,13/02/2022
BPM Admin en Freelance - Remote Ref. 002683,Casablanca,Marocco,Novancy one,21/02/2022
Stage PFE en développement logiciel - Ribatis - Africa IT Days Ref. 002611,Casablanca,Marocco,Novancy one,20/02/2022
EH & S SUPPORT V,Tanger,Marocco,TE Connectivity,7/2/2022
Stage PFE en développement logiciel - Ribatis - Africa IT Days Ref. 002609,Casablanca,Marocco,Novancy one,20/02/2022
Project Manager SI Ref. 002601,Casablanca,Marocco,Novancy one,19/02/2022
Développeurs PLSQL Ref. 002534,Rabat,Marocco,Novancy one,7/2/2022
Stage PFE en qualité logiciel - Ribatis - Africa IT Days Ref. 002603,Casablanca,Marocco,Novancy one,19/02/2022
"Analyst & Senior Analyst- Marketing (Bangkok Based, relocation provided)",Marrakech,Marocco,Agoda,13/02/2022
"Analyst & Senior Analyst- Marketing (Bangkok Based, relocation provided)",Marrakech,Marocco,Agoda,13/02/2022
"Analyst Clinical Operations, Real World Evidence",Casablanca,Marocco,IQVIA,19/02/2022
Directeur de Programme de Transformation Ref. 002588,Casablanca,Marocco,Novancy one,13/02/2022
Go Developer,Casablanca,Marocco,Toptal,25/02/2022
Go Developer,Rabat,Marocco,Toptal,25/02/2022
Directeur de programme Transformation - SGABS - Africa IT Days Ref. 002617,Casablanca,Marocco,Novancy one,20/02/2022
DBA Oracle - SGABS - Africa IT Days Ref. 002627,Casablanca,Marocco,Novancy one,20/02/2022
Engineering Manager in Back End (Bangkok based),Marrakech,Marocco,Agoda,13/02/2022
"Front End Engineer – Data Experience Team (Bangkok based, relocation provided)",Marrakech,Marocco,Agoda,13/02/2022
"Data Engineer – Apache Spark (Java/Scala) (Bangkok based, Relocation provided)",Marrakech,Marocco,Agoda,13/02/2022
"Full Stack Engineer (Data Team) (All Levels) (Bangkok based, relocation provided)",Marrakech,Marocco,Agoda,23/02/2022
Go Developer,Rabat,Marocco,Toptal,25/02/2022
"Software Engineer, Trilogy (Remote) - $100,000/year USD",Casablanca ,Marocco,Crossover for Work,24/02/2022
"Software Engineer, Trilogy (Remote) - $100,000/year USD",Casablanca ,Marocco,Crossover for Work,24/02/2022
"Software Developer, Trilogy (Remote) - $100,000/year USD",Casablanca ,Marocco,Crossover for Work,24/02/2022
Go Developer,Casablanca ,Marocco,Toptal,25/02/2022
Senior React Developer,Rabat,Marocco,Toptal,25/02/2022
Senior React Developer,Casablanca ,Marocco,Toptal,25/02/2022
"Lead/ Staff Front End Engineer – Data Experience Team (Bangkok based, relocation provided)",Marrakech,Marocco,Agoda,21/02/2022
"Senior Machine Learning Engineer – Data Platform Team (Bangkok based, relocation provided)",Marrakech,Marocco,Agoda,19/02/2022
Senior React Developer,Marrakech,Marocco,Toptal,25/02/2022
"Senior Data Engineer – Apache Spark (Java/Scala) (Bangkok based, Relocation provided)",Marrakech,Marocco,Agoda,23/02/2022
Senior React Developer,Fes,Marocco,Toptal,25/02/2022
"Senior Software Developer, Trilogy (Remote) - $100,000/year USD",Casablanca,Marocco,Crossover for Work,24/02/2022
"C# Software Developer, Trilogy (Remote) - $100,000/year USD",Casablanca ,Marocco,Crossover for Work,24/02/2022
"Senior Software Engineer – Real-Time Microservices (Bangkok based, relocation provided)",Marrakech,Marocco,Agoda,19/02/2022
"Analyst, Partner Development(PDe) – SQL, R, Python, Pandas, Scala (Bangkok-based, relocation provided)",Marrakech,Marocco,Agoda,13/02/2022
"People Data Analyst(Bangkok based, relocation provided)",Marrakech,Marocco,Agoda,19/02/2022
"Senior Analyst, Partner Development – SQL, R, Python, Pandas, Scala (Bangkok-based, relocation provided)",Marrakech,Marocco,Agoda,19/02/2022
"People BI Specialist (Bangkok Based, Relocation Provided)",Marrakech,Marocco,Agoda,19/02/2022
Associate Data Analyst- Customer Experience Group | Bangkok-based,Marrakech,Marocco,Agoda,13/02/2022
"Analyst (Bangkok Based, relocation provided)",Marrakech,Marocco,Agoda,13/02/2022
"Analyst, Marketing Innovation (Bangkok Based, relocation provided)",Marrakech,Marocco,Agoda,13/02/2022
"Senior Analyst (Bangkok based, relocation provided)",Marrakech,Marocco,Agoda,19/02/2022
"Analyst, Pulse Marketing (Bangkok Based, relocation provided)",Marrakech,Marocco,Agoda,13/02/2022
"Analyst (Business Intelligence) – Supply Strategy and Optimisation (Bangkok based, relocation provided)",Marrakech,Marocco,Agoda,13/02/2022
"Senior Data Analyst (Bangkok Based, relocation provided)",Marrakech,Marocco,Agoda,19/02/2022
"Analyst/ Sr Analyst, Marketing (Bangkok Based, relocation provided)",Marrakech,Marocco,Agoda,19/02/2022
"Content Analyst(Bangkok based, relocation provided)",Marrakech,Marocco,Agoda,13/02/2022
"Analyst- Supply Insights (Bangkok based, Relocation provided)",Marrakech,Marocco,Agoda,13/02/2022
"Analyst & Senior Analyst- Marketing (Bangkok Based, relocation provided)",Marrakech,Marocco,Agoda,13/02/2022
"Analyst & Senior Analyst- Marketing (Bangkok Based, relocation provided)",Marrakech,Marocco,Agoda,13/02/2022
Engineering Manager in Back End (Bangkok based),Marrakech,Marocco,Agoda,13/02/2022
"Senior Analyst- Customer Experience Group(Bangkok Based, relocation provided)",Marrakech,Marocco,Agoda,13/02/2022
Senior Forecasting & Planning Analyst (Bangkok-Based),Marrakech,Marocco,Agoda,19/02/2022
"Senior Analyst, Partner Communications(Bangkok based, Relocation provided)",Marrakech,Marocco,Agoda,19/02/2022
"Senior Ops Specialist/Associate Manager, Partner Communications: (Bangkok Based, relocation provided)",Marrakech,Marocco,Agoda,19/02/2022
"Analyst, Partner Development(PDe) – SQL, R, Python, Pandas, Scala (Bangkok-based, relocation provided)",Marrakech,Marocco,Agoda,13/02/2022
"People Data Analyst(Bangkok based, relocation provided)",Marrakech,Marocco,Agoda,19/02/2022
"Senior Analyst, Partner Development – SQL, R, Python, Pandas, Scala (Bangkok-based, relocation provided)",Marrakech,Marocco,Agoda,19/02/2022
"People BI Specialist (Bangkok Based, Relocation Provided)",Marrakech,Marocco,Agoda,19/02/2022
Associate Data Analyst- Customer Experience Group | Bangkok-based,Marrakech,Marocco,Agoda,13/02/2022
"Analyst (Bangkok Based, relocation provided)",Marrakech,Marocco,Agoda,13/02/2022
"Analyst, Marketing Innovation (Bangkok Based, relocation provided)",Marrakech,Marocco,Agoda,13/02/2022
"Senior Analyst (Bangkok based, relocation provided)",Marrakech,Marocco,Agoda,19/02/2022
"Analyst, Pulse Marketing (Bangkok Based, relocation provided)",Marrakech,Marocco,Agoda,13/02/2022
"Analyst (Business Intelligence) – Supply Strategy and Optimisation (Bangkok based, relocation provided)",Marrakech,Marocco,Agoda,13/02/2022
"Senior Data Analyst (Bangkok Based, relocation provided)",Marrakech,Marocco,Agoda,19/02/2022
"Analyst/ Sr Analyst, Marketing (Bangkok Based, relocation provided)",Marrakech,Marocco,Agoda,19/02/2022
"Content Analyst(Bangkok based, relocation provided)",Marrakech,Marocco,Agoda,13/02/2022
EH & S SUPPORT V,Tanger,Marocco,TE Connectivity,7/2/2022
"Analyst- Supply Insights (Bangkok based, Relocation provided)",Marrakech,Marocco,Agoda,13/02/2022
"Analyst & Senior Analyst- Marketing (Bangkok Based, relocation provided)",Marrakech,Marocco,Agoda,13/02/2022
"Analyst & Senior Analyst- Marketing (Bangkok Based, relocation provided)",Marrakech,Marocco,Agoda,13/02/2022
Engineering Manager in Back End (Bangkok based),Marrakech,Marocco,Agoda,13/02/2022
"Senior Analyst- Customer Experience Group(Bangkok Based, relocation provided)",Marrakech,Marocco,Agoda,13/02/2022
Senior Forecasting & Planning Analyst (Bangkok-Based),Marrakech,Marocco,Agoda,19/02/2022
"Senior Analyst, Partner Communications(Bangkok based, Relocation provided)",Marrakech,Marocco,Agoda,19/02/2022
"Senior Ops Specialist/Associate Manager, Partner Communications: (Bangkok Based, relocation provided)",Marrakech,Marocco,Agoda,19/02/2022
"Front End Engineer – Data Experience Team (Bangkok based, relocation provided)",Marrakech,Marocco,Agoda,13/02/2022
"Data Engineer – Apache Spark (Java/Scala) (Bangkok based, Relocation provided)",Marrakech,Marocco,Agoda,13/02/2022
"Full Stack Engineer (Data Team) (All Levels) (Bangkok based, relocation provided)",Marrakech,Marocco,Agoda,23/02/2022
Go Developer,Rabat,Marocco,Toptal,25/02/2022
"Software Engineer, Trilogy (Remote) - $100,000/year USD",Casablanca,Marocco,Crossover for Work,24/02/2022
"Software Engineer, Trilogy (Remote) - $100,000/year USD",Casablanca,Marocco,Crossover for Work,24/02/2022
"Software Developer, Trilogy (Remote) - $100,000/year USD",Casablanca,Marocco,Crossover for Work,24/02/2022
Go Developer,Casablanca,Marocco,Toptal,25/02/2022
Senior React Developer,Rabat,Marocco,Toptal,25/02/2025
Senior React Developer,Casablanca,Marocco,Toptal,25/02/2022
"Lead/ Staff Front End Engineer – Data Experience Team (Bangkok based, relocation provided)",Marrakech,Marocco,Agoda,21/02/2022
"Senior Machine Learning Engineer – Data Platform Team (Bangkok based, relocation provided)",Marrakech,Marocco,Agoda,19/02/2022
Senior React Developer,Marrakech,Marocco,Toptal,25/02/2022
"Senior Data Engineer – Apache Spark (Java/Scala) (Bangkok based, Relocation provided)",Marrakech,Marocco,Agoda,23/02/2022
Senior React Developer,Fes,Marocco,Toptal,25/02/2022
"Senior Software Developer, Trilogy (Remote) - $100,000/year USD",Casablanca,Marocco,Crossover for Work,24/02/2022
"C# Software Developer, Trilogy (Remote) - $100,000/year USD",Casablanca,Marocco,Crossover for Work,24/02/2022
"Senior Software Engineer – Real-Time Microservices (Bangkok based, relocation provided)",Marrakech,Marocco,Agoda,19/02/2022
Go Developer,Marrakech,Marocco,Toptal,25/02/2022
"C# Software Developer, Trilogy (Remote) - $100,000/year USD",Casablanca,Marocco,Crossover for Work,24/02/2022
React Native Developer,Casablanca,Marocco,Toptal,25/02/2022
Ruby on Rails Developer,Casablanca,Marocco,Toptal,25/02/2022
Senior Blockchain Developer,Rabat,Marocco,Toptal,24/02/2022
Go Developer,Fes,Marocco,Toptal,25/02/2022
Ruby on Rails Developer,Marrakech,Marocco,Toptal,25/02/2022
AI Jobs -Photo Collection – Global Participants,Kenitra,Marocco,TransPerfect,19/01/2022
AI Jobs -Photo Collection – Global Participants,Sale,Marocco,TransPerfect,19/01/2022
AI Remote Jobs - Photo Collection – Global Participants,Skhirate ,Marocco,TransPerfect,19/01/2022
AI Jobs -Photo Collection – Global Participants,Oujda,Marocco,TransPerfect,19/01/2022
Flexible Opportunities | Image Collection Project,Casablanca ,Marocco,Appen,18/01/2022
AI Remote Jobs - Photo Collection – Global Participants,Agadir,Marocco,TransPerfect,19-01-2022
AI Remote Jobs - Photo Collection – Global Participants,Rabat,Marocco,TransPerfect,19-01-2022
AI Remote Jobs - Photo Collections – Paid Study,Casablanca,Marocco,TransPerfect,13/1/2022
AI Remote Jobs - Photo Collection – Global Participants,Mekness,Marocco,TransPerfect,19/01/2022
Remote Jobs | Work from Home,Rabat,Marocco,Appen,13/1/2022
AI Jobs -Photo Collection – Global Participants,Casablanca,Marocco,TransPerfect,19/01/2022
Appen Project Opportunities,Fes,Marocco,Appen,19/01/2022
Video Data Collection,Casablanca,Marocco,Appen,19/01/2022
Remote Work | Search Evaluation Project,Rabat,Marocco,Appen,19/01/2022
Internet Analysts,Rabat,Marocco,Appen,13/1/2022
Part-Time Opportunities at Appen,Rabat,Marocco,Appen,7/1/2022
Technical Referent,Casablanca,Marocco,Leyton,17/01/2022
Hiring | Social Media Evaluation Project | Morocco,Fes,Marocco,Appen,13/1/2022
"Analyst, Partner Development(PDe) – SQL, R, Python, Pandas, Scala (Bangkok-based, relocation provided)",Marrakech,Marocco,Agoda,13/1/2022
Flexible Opportunities in Morocco | Appen,Casablanca,Marocco,Appen,7/1/2022
"People Data Analyst(Bangkok based, relocation provided)",Marrakech,Marocco,Agoda,19/01/2022
Work from Home | Transcription Project for French Speakers,Rabat,Marocco,Appen,13/1/2022
Hiring | Social Media Evaluator - Appen,Fes,Marocco,Appen,13/1/2022
Stage PFE Développement et Testing - Capgemini - Africa IT Days Ref. 002600,Casablanca,Marocco,Ovancy one,18/01/2022
"People BI Specialist (Bangkok Based, Relocation Provided)",Marrakech,Marocco,Agoda,19/01/2022
